show_name,season.episode,season,episode,rating,ep_title/_text,ep_title,num_ratings
Arrested Development,1.1,1,1,8.3,Pilot,http://www.imdb.com/title/tt0515236/,1862
Arrested Development,1.2,1,2,8.6,Top Banana,http://www.imdb.com/title/tt0515256/,1607
Arrested Development,1.3,1,3,8.3,Bringing Up Buster,http://www.imdb.com/title/tt0515212/,1473
Arrested Development,1.4,1,4,8.5,Key Decisions,http://www.imdb.com/title/tt0515223/,1407
Arrested Development,1.5,1,5,8.4,Charity Drive,http://www.imdb.com/title/tt0515214/,1336
Arrested Development,1.6,1,6,8.2,Visiting Ours,http://www.imdb.com/title/tt0515257/,1294
Arrested Development,1.7,1,7,8.2,In God We Trust,http://www.imdb.com/title/tt0515221/,1264
Arrested Development,1.8,1,8,8.2,My Mother the Car,http://www.imdb.com/title/tt0515231/,1253
Arrested Development,1.9,1,9,8.5,Storming the Castle,http://www.imdb.com/title/tt0515247/,1227
Arrested Development,1.10,1,10,9.2,Pier Pressure,http://www.imdb.com/title/tt0515235/,1585
Arrested Development,1.11,1,11,8.4,Public Relations,http://www.imdb.com/title/tt0515238/,1231
Arrested Development,1.12,1,12,8.5,Marta Complex,http://www.imdb.com/title/tt0515226/,1196
Arrested Development,1.13,1,13,8.5,Beef Consomme,http://www.imdb.com/title/tt0515210/,1185
Arrested Development,1.14,1,14,8.7,Shock and Aww,http://www.imdb.com/title/tt0515244/,1219
Arrested Development,1.15,1,15,8.4,Staff Infection,http://www.imdb.com/title/tt0515246/,1143
Arrested Development,1.16,1,16,8.6,Altar Egos,http://www.imdb.com/title/tt0515208/,1157
Arrested Development,1.17,1,17,8.8,Justice Is Blind,http://www.imdb.com/title/tt0515222/,1182
Arrested Development,1.18,1,18,8.5,Missing Kitty,http://www.imdb.com/title/tt0515228/,1108
Arrested Development,1.19,1,19,8.3,Best Man for the Gob,http://www.imdb.com/title/tt0515211/,1092
Arrested Development,1.20,1,20,8.2,Whistler's Mother,http://www.imdb.com/title/tt0515258/,1083
Arrested Development,1.21,1,21,8.7,Not Without My Daughter,http://www.imdb.com/title/tt0515232/,1103
Arrested Development,1.22,1,22,8.9,Let 'Em Eat Cake,http://www.imdb.com/title/tt0515224/,1136
Arrested Development,2.1,2,1,8.8,The One Where Michael Leaves,http://www.imdb.com/title/tt0515253/,1091
Arrested Development,2.2,2,2,8.7,The One Where They Build a House,http://www.imdb.com/title/tt0515254/,1105
Arrested Development,2.3,2,3,8.9,Amigos,http://www.imdb.com/title/tt0515209/,1147
Arrested Development,2.4,2,4,9.1,Good Grief!,http://www.imdb.com/title/tt0515219/,1268
Arrested Development,2.5,2,5,8.7,Sad Sack,http://www.imdb.com/title/tt0515243/,1034
Arrested Development,2.6,2,6,9.1,Afternoon Delight,http://www.imdb.com/title/tt0515207/,1286
Arrested Development,2.7,2,7,8.3,Switch Hitter,http://www.imdb.com/title/tt0515248/,1009
Arrested Development,2.8,2,8,8.2,Queen for a Day,http://www.imdb.com/title/tt0515239/,975
Arrested Development,2.9,2,9,8.3,Burning Love,http://www.imdb.com/title/tt0515213/,993
Arrested Development,2.10,2,10,8.5,"Ready, Aim, Marry Me",http://www.imdb.com/title/tt0515240/,1058
Arrested Development,2.11,2,11,8.5,Out on a Limb,http://www.imdb.com/title/tt0515234/,974
Arrested Development,2.12,2,12,8.9,Hand to God,http://www.imdb.com/title/tt0515220/,1003
Arrested Development,2.13,2,13,8.8,Motherboy XXX,http://www.imdb.com/title/tt0515229/,1052
Arrested Development,2.14,2,14,8.7,The Immaculate Election,http://www.imdb.com/title/tt0515251/,1009
Arrested Development,2.15,2,15,8.9,Sword of Destiny,http://www.imdb.com/title/tt0515255/,1072
Arrested Development,2.16,2,16,9.1,Meat the Veals,http://www.imdb.com/title/tt0515227/,1186
Arrested Development,2.17,2,17,8.7,Spring Breakout,http://www.imdb.com/title/tt0515245/,986
Arrested Development,2.18,2,18,9,Righteous Brothers,http://www.imdb.com/title/tt0515241/,1054
Arrested Development,3.1,3,1,8.7,The Cabin Show,http://www.imdb.com/title/tt0515250/,998
Arrested Development,3.2,3,2,8.5,For British Eyes Only,http://www.imdb.com/title/tt0515249/,1004
Arrested Development,3.3,3,3,8.7,Forget Me Now,http://www.imdb.com/title/tt0515218/,996
Arrested Development,3.4,3,4,8.4,Notapusy,http://www.imdb.com/title/tt0515233/,1009
Arrested Development,3.5,3,5,8.9,Mr. F,http://www.imdb.com/title/tt0515230/,1099
Arrested Development,3.6,3,6,8.8,The Ocean Walker,http://www.imdb.com/title/tt0515252/,999
Arrested Development,3.7,3,7,8.2,Prison Break-In,http://www.imdb.com/title/tt0515237/,908
Arrested Development,3.8,3,8,8.9,Making a Stand,http://www.imdb.com/title/tt0515225/,991
Arrested Development,3.9,3,9,8.9,S.O.B.s,http://www.imdb.com/title/tt0515242/,1077
Arrested Development,3.10,3,10,8.7,Fakin' It,http://www.imdb.com/title/tt0515216/,945
Arrested Development,3.11,3,11,8.8,Family Ties,http://www.imdb.com/title/tt0515217/,951
Arrested Development,3.12,3,12,9,Exit Strategy,http://www.imdb.com/title/tt0515215/,1005
Arrested Development,3.13,3,13,9.3,Development Arrested,http://www.imdb.com/title/tt0757386/,1434
Arrested Development,4.1,4,1,7.8,Flight of the Phoenix,http://www.imdb.com/title/tt2128813/,1319
Arrested Development,4.2,4,2,7.1,Borderline Personalities,http://www.imdb.com/title/tt2128815/,981
Arrested Development,4.3,4,3,7.1,Indian Takers,http://www.imdb.com/title/tt2128816/,924
Arrested Development,4.4,4,4,8,The B. Team,http://www.imdb.com/title/tt2128817/,865
Arrested Development,4.5,4,5,8,A New Start,http://www.imdb.com/title/tt2128818/,848
Arrested Development,4.6,4,6,7.4,Double Crossers,http://www.imdb.com/title/tt2128819/,754
Arrested Development,4.7,4,7,8.6,Colony Collapse,http://www.imdb.com/title/tt2128820/,888
Arrested Development,4.8,4,8,8,Red Hairing,http://www.imdb.com/title/tt2128821/,744
Arrested Development,4.9,4,9,8.1,Smashed,http://www.imdb.com/title/tt2128822/,728
Arrested Development,4.10,4,10,8,Queen B.,http://www.imdb.com/title/tt2128814/,725
Arrested Development,4.11,4,11,8.8,A New Attitude,http://www.imdb.com/title/tt2495824/,822
Arrested Development,4.12,4,12,8.5,Señoritis,http://www.imdb.com/title/tt2604336/,727
Arrested Development,4.13,4,13,8.5,It Gets Better,http://www.imdb.com/title/tt2604334/,727
Arrested Development,4.14,4,14,8.5,Off the Hook,http://www.imdb.com/title/tt2604338/,736
Arrested Development,4.15,4,15,8.5,Blockheads,http://www.imdb.com/title/tt2826310/,778
Bloodline,1.1,1,1,8,Part 1,http://www.imdb.com/title/tt3630196/,1009
Bloodline,1.2,1,2,8.1,Part 2,http://www.imdb.com/title/tt3775066/,778
Bloodline,1.3,1,3,8,Part 3,http://www.imdb.com/title/tt3766850/,701
Bloodline,1.4,1,4,8,Part 4,http://www.imdb.com/title/tt3815714/,654
Bloodline,1.5,1,5,8.2,Part 5,http://www.imdb.com/title/tt3815716/,631
Bloodline,1.6,1,6,8.2,Part 6,http://www.imdb.com/title/tt3860828/,607
Bloodline,1.7,1,7,8.2,Part 7,http://www.imdb.com/title/tt3955118/,576
Bloodline,1.8,1,8,8.4,Part 8,http://www.imdb.com/title/tt3970928/,579
Bloodline,1.9,1,9,8.5,Part 9,http://www.imdb.com/title/tt3993250/,563
Bloodline,1.10,1,10,8.8,Part 10,http://www.imdb.com/title/tt4025946/,612
Bloodline,1.11,1,11,9.2,Part 11,http://www.imdb.com/title/tt4037144/,667
Bloodline,1.12,1,12,9.3,Part 12,http://www.imdb.com/title/tt4141318/,750
Bloodline,1.13,1,13,9.1,Part 13,http://www.imdb.com/title/tt3946474/,742
Bloodline,2.1,2,1,8.3,Part 14,http://www.imdb.com/title/tt4572004/,422
Bloodline,2.2,2,2,8.2,Part 15,http://www.imdb.com/title/tt5043314/,356
Bloodline,2.3,2,3,8.5,Part 16,http://www.imdb.com/title/tt5085504/,337
Bloodline,2.4,2,4,8.8,Part 17,http://www.imdb.com/title/tt5090960/,330
Bloodline,2.5,2,5,8.4,Part 18,http://www.imdb.com/title/tt5100630/,289
Bloodline,2.6,2,6,8.8,Part 19,http://www.imdb.com/title/tt5273424/,295
Bloodline,2.7,2,7,8.7,Part 20,http://www.imdb.com/title/tt5349008/,290
Bloodline,2.8,2,8,9,Part 21,http://www.imdb.com/title/tt5437416/,307
Bloodline,2.9,2,9,9,Part 22,http://www.imdb.com/title/tt5437448/,314
Bloodline,2.10,2,10,9.4,Part 23,http://www.imdb.com/title/tt5480286/,502
BoJack Horseman,1.1,1,1,7.2,"BoJack Horseman: The BoJack Horseman Story, Chapter One",http://www.imdb.com/title/tt3957774/,898
BoJack Horseman,1.2,1,2,7.8,BoJack Hates the Troops,http://www.imdb.com/title/tt3982374/,744
BoJack Horseman,1.3,1,3,7.5,Prickly Muffin,http://www.imdb.com/title/tt3981116/,661
BoJack Horseman,1.4,1,4,7.6,Zoës and Zeldas,http://www.imdb.com/title/tt3980964/,603
BoJack Horseman,1.5,1,5,7.6,"Live Fast, Diane Nguyen",http://www.imdb.com/title/tt3978916/,576
BoJack Horseman,1.6,1,6,8.1,Our A-Story Is a 'D' Story,http://www.imdb.com/title/tt3978918/,580
BoJack Horseman,1.7,1,7,8.1,Say Anything,http://www.imdb.com/title/tt3981398/,598
BoJack Horseman,1.8,1,8,8.6,The Telescope,http://www.imdb.com/title/tt3978922/,629
BoJack Horseman,1.9,1,9,8.1,Horse Majeure,http://www.imdb.com/title/tt3978928/,535
BoJack Horseman,1.10,1,10,8,One Trick Pony,http://www.imdb.com/title/tt3978930/,542
BoJack Horseman,1.11,1,11,9.2,Downer Ending,http://www.imdb.com/title/tt3978932/,873
BoJack Horseman,1.12,1,12,8.6,Later,http://www.imdb.com/title/tt3978934/,617
BoJack Horseman,1.13,1,13,7.3,BoJack Horseman Christmas Special: Sabrina's Christmas Wish,http://www.imdb.com/title/tt4294938/,445
BoJack Horseman,2.1,2,1,8.2,Brand New Couch,http://www.imdb.com/title/tt4311472/,571
BoJack Horseman,2.2,2,2,8.1,Yesterdayland,http://www.imdb.com/title/tt4835722/,508
BoJack Horseman,2.3,2,3,8,Still Broken,http://www.imdb.com/title/tt4835724/,493
BoJack Horseman,2.4,2,4,8.1,After the Party,http://www.imdb.com/title/tt4835730/,484
BoJack Horseman,2.5,2,5,8.1,Chickens,http://www.imdb.com/title/tt4835728/,524
BoJack Horseman,2.6,2,6,7.8,Higher Love,http://www.imdb.com/title/tt4835732/,455
BoJack Horseman,2.7,2,7,8.4,Hank After Dark,http://www.imdb.com/title/tt4835738/,496
BoJack Horseman,2.8,2,8,9,Let's Find Out,http://www.imdb.com/title/tt4835736/,626
BoJack Horseman,2.9,2,9,8.5,The Shot,http://www.imdb.com/title/tt4835740/,476
BoJack Horseman,2.10,2,10,8.7,Yes And,http://www.imdb.com/title/tt4835746/,508
BoJack Horseman,2.11,2,11,9.5,Escape from L.A.,http://www.imdb.com/title/tt4835748/,886
BoJack Horseman,2.12,2,12,8.8,Out to Sea,http://www.imdb.com/title/tt4835752/,540
BoJack Horseman,3.1,3,1,8.1,Start Spreading the News,http://www.imdb.com/title/tt4896050/,423
BoJack Horseman,3.2,3,2,8.4,The BoJack Horseman Show,http://www.imdb.com/title/tt5218276/,444
BoJack Horseman,3.3,3,3,7.6,BoJack Kills,http://www.imdb.com/title/tt5218432/,394
BoJack Horseman,3.4,3,4,9.6,Fish Out of Water,http://www.imdb.com/title/tt5218434/,1304
BoJack Horseman,3.5,3,5,8.4,Love And/Or Marriage,http://www.imdb.com/title/tt5218444/,401
BoJack Horseman,3.6,3,6,8.3,Brrap Brrap Pew Pew,http://www.imdb.com/title/tt5113952/,430
BoJack Horseman,3.7,3,7,8.5,Stop the Presses,http://www.imdb.com/title/tt5218452/,380
BoJack Horseman,3.8,3,8,8.1,Old Acquaintance,http://www.imdb.com/title/tt5218464/,349
BoJack Horseman,3.9,3,9,8.7,Best Thing That Ever Happened,http://www.imdb.com/title/tt5218468/,389
BoJack Horseman,3.10,3,10,9,It's You,http://www.imdb.com/title/tt5218478/,411
BoJack Horseman,3.11,3,11,9.6,"That's Too Much, Man!",http://www.imdb.com/title/tt5218488/,783
BoJack Horseman,3.12,3,12,9.2,That Went Well,http://www.imdb.com/title/tt5218494/,521
Club De Cuervos,1.1,1,1,7.3,Be a Captain,http://www.imdb.com/title/tt4921876/,82
Club De Cuervos,1.2,1,2,7.3,We Make Soap,http://www.imdb.com/title/tt4935060/,54
Club De Cuervos,1.3,1,3,7.7,Uniform Response,http://www.imdb.com/title/tt4940510/,48
Club De Cuervos,1.4,1,4,7.9,Slap,http://www.imdb.com/title/tt4940512/,47
Club De Cuervos,1.5,1,5,7.7,Barriers to Exit,http://www.imdb.com/title/tt4940516/,44
Club De Cuervos,1.6,1,6,7.5,Lucky to Play,http://www.imdb.com/title/tt4776384/,61
Club De Cuervos,1.7,1,7,7.4,Our Guggenheim,http://www.imdb.com/title/tt4944054/,45
Club De Cuervos,1.8,1,8,7.5,Aitor,http://www.imdb.com/title/tt4932998/,51
Club De Cuervos,1.9,1,9,8.1,Spanish Fever,http://www.imdb.com/title/tt4944060/,46
Club De Cuervos,1.10,1,10,7.7,New Dick in Town,http://www.imdb.com/title/tt4944062/,44
Club De Cuervos,1.11,1,11,7.8,Push,http://www.imdb.com/title/tt4944064/,42
Club De Cuervos,1.12,1,12,8.3,Happy Birthday Mr. President,http://www.imdb.com/title/tt4944066/,45
Club De Cuervos,1.13,1,13,8.4,Iglesias vs. Iglesias,http://www.imdb.com/title/tt4944070/,47
Daredevil,1.1,1,1,8.6,Into the Ring,http://www.imdb.com/title/tt3330796/,7168
Daredevil,1.2,1,2,9,Cut Man,http://www.imdb.com/title/tt3915096/,6635
Daredevil,1.3,1,3,8.5,Rabbit in a Snowstorm,http://www.imdb.com/title/tt4000782/,5506
Daredevil,1.4,1,4,8.9,In the Blood,http://www.imdb.com/title/tt4061068/,5326
Daredevil,1.5,1,5,8.9,World on Fire,http://www.imdb.com/title/tt4061074/,5057
Daredevil,1.6,1,6,9.1,Condemned,http://www.imdb.com/title/tt4065594/,5174
Daredevil,1.7,1,7,8.8,Stick,http://www.imdb.com/title/tt4125416/,5035
Daredevil,1.8,1,8,9.1,Shadows in the Glass,http://www.imdb.com/title/tt4125418/,4926
Daredevil,1.9,1,9,9.3,Speak of the Devil,http://www.imdb.com/title/tt4125420/,5194
Daredevil,1.10,1,10,8.7,Nelson v. Murdock,http://www.imdb.com/title/tt4125422/,4724
Daredevil,1.11,1,11,8.9,The Path of the Righteous,http://www.imdb.com/title/tt4125426/,4639
Daredevil,1.12,1,12,8.8,The Ones We Leave Behind,http://www.imdb.com/title/tt4125424/,4598
Daredevil,1.13,1,13,9.4,Daredevil,http://www.imdb.com/title/tt4125428/,6422
Daredevil,2.1,2,1,9,Bang,http://www.imdb.com/title/tt4625048/,5156
Daredevil,2.2,2,2,8.8,Dogs to a Gunfight,http://www.imdb.com/title/tt4817432/,4326
Daredevil,2.3,2,3,9.5,New York's Finest,http://www.imdb.com/title/tt4935616/,5536
Daredevil,2.4,2,4,9.5,Penny and Dime,http://www.imdb.com/title/tt4947664/,5168
Daredevil,2.5,2,5,8.5,Kinbaku,http://www.imdb.com/title/tt4950308/,3794
Daredevil,2.6,2,6,8.8,Regrets Only,http://www.imdb.com/title/tt4950312/,3543
Daredevil,2.7,2,7,8.8,Semper Fidelis,http://www.imdb.com/title/tt4950310/,3473
Daredevil,2.8,2,8,9.2,Guilty as Sin,http://www.imdb.com/title/tt4950326/,3651
Daredevil,2.9,2,9,9.5,Seven Minutes in Heaven,http://www.imdb.com/title/tt4950314/,4323
Daredevil,2.10,2,10,9.2,The Man in the Box,http://www.imdb.com/title/tt4950318/,3511
Daredevil,2.11,2,11,8.9,0.38,http://www.imdb.com/title/tt4950322/,3347
Daredevil,2.12,2,12,9.1,The Dark at the End of the Tunnel,http://www.imdb.com/title/tt4950320/,3441
Daredevil,2.13,2,13,9.3,A Cold Day in Hell's Kitchen,http://www.imdb.com/title/tt4950324/,4517
Easy,1.1,1,1,6.4,The F**King Study,http://www.imdb.com/title/tt6038638/,197
Easy,1.2,1,2,6.4,Vegan Cinderella,http://www.imdb.com/title/tt6038650/,164
Easy,1.3,1,3,6.4,Brewery Brothers,http://www.imdb.com/title/tt6038654/,133
Easy,1.4,1,4,6.4,Controlada,http://www.imdb.com/title/tt6038656/,121
Easy,1.5,1,5,7.6,Art and Life,http://www.imdb.com/title/tt6038662/,121
Easy,1.6,1,6,7.3,Utopia,http://www.imdb.com/title/tt6038666/,107
Easy,1.7,1,7,6.3,Chemistry Read,http://www.imdb.com/title/tt6038668/,84
Easy,1.8,1,8,6.8,Hop Dreams,http://www.imdb.com/title/tt6038670/,74
F is for Family,1.1,1,1,7.6,The Bleedin' in Sweden,http://www.imdb.com/title/tt5218302/,341
F is for Family,1.2,1,2,7.9,Saturday Bloody Saturday,http://www.imdb.com/title/tt5276208/,255
F is for Family,1.3,1,3,8,The Trough,http://www.imdb.com/title/tt5276214/,223
F is for Family,1.4,1,4,8,'F' Is for Halloween,http://www.imdb.com/title/tt5276218/,205
F is for Family,1.5,1,5,8.5,Bill Murphy's Day Off,http://www.imdb.com/title/tt5276222/,220
F is for Family,1.6,1,6,8.6,O Holy Moly Night,http://www.imdb.com/title/tt5276226/,212
Flaked,1.1,1,1,7,Westminster,http://www.imdb.com/title/tt5020356/,233
Flaked,1.2,1,2,7.2,Horizon,http://www.imdb.com/title/tt5095002/,180
Flaked,1.3,1,3,7.5,Rose,http://www.imdb.com/title/tt5095012/,160
Flaked,1.4,1,4,7.8,Palms,http://www.imdb.com/title/tt4998158/,162
Flaked,1.5,1,5,7.9,Electric,http://www.imdb.com/title/tt5083962/,156
Flaked,1.6,1,6,8.7,Shell,http://www.imdb.com/title/tt5063116/,188
Flaked,1.7,1,7,7.8,7th,http://www.imdb.com/title/tt5083964/,155
Flaked,1.8,1,8,8.2,Sunset,http://www.imdb.com/title/tt5083966/,148
Fuller House,1.1,1,1,7.7,"Our Very First Show, Again",http://www.imdb.com/title/tt4625398/,771
Fuller House,1.2,1,2,7.5,Moving Day,http://www.imdb.com/title/tt4662772/,482
Fuller House,1.3,1,3,7.9,Funner House,http://www.imdb.com/title/tt4662796/,468
Fuller House,1.4,1,4,7.7,The Not-So-Great Escape,http://www.imdb.com/title/tt4662788/,383
Fuller House,1.5,1,5,7.9,Mad Max,http://www.imdb.com/title/tt4662794/,383
Fuller House,1.6,1,6,7.5,The Legend of El Explosivo,http://www.imdb.com/title/tt4662786/,360
Fuller House,1.7,1,7,7.7,Ramona's Not-So-Epic Party,http://www.imdb.com/title/tt4662802/,325
Fuller House,1.8,1,8,8,"Secrets, Lies and Firetrucks",http://www.imdb.com/title/tt4662800/,325
Fuller House,1.9,1,9,8,War of the Roses,http://www.imdb.com/title/tt4662798/,319
Fuller House,1.10,1,10,8,A Giant Leap,http://www.imdb.com/title/tt4662806/,319
Fuller House,1.11,1,11,7.9,Partnerships in the Night,http://www.imdb.com/title/tt4662804/,302
Fuller House,1.12,1,12,7.9,Save the Dates,http://www.imdb.com/title/tt4662812/,314
Fuller House,1.13,1,13,7.8,Love Is in the Air,http://www.imdb.com/title/tt4662810/,323
Grace and Frankie,1.1,1,1,7.8,The End,http://www.imdb.com/title/tt3814438/,462
Grace and Frankie,1.2,1,2,7.7,The Credit Cards,http://www.imdb.com/title/tt3897776/,349
Grace and Frankie,1.3,1,3,8,The Dinner,http://www.imdb.com/title/tt3814440/,329
Grace and Frankie,1.4,1,4,8.2,The Funeral,http://www.imdb.com/title/tt4017394/,324
Grace and Frankie,1.5,1,5,8.2,The Fall,http://www.imdb.com/title/tt4128296/,327
Grace and Frankie,1.6,1,6,8,The Earthquake,http://www.imdb.com/title/tt4128292/,295
Grace and Frankie,1.7,1,7,8.2,The Spelling Bee,http://www.imdb.com/title/tt4078600/,301
Grace and Frankie,1.8,1,8,8.1,The Sex,http://www.imdb.com/title/tt4075346/,268
Grace and Frankie,1.9,1,9,8,The Invitation,http://www.imdb.com/title/tt4128286/,249
Grace and Frankie,1.10,1,10,8,The Elevator,http://www.imdb.com/title/tt4128290/,248
Grace and Frankie,1.11,1,11,8,The Secrets,http://www.imdb.com/title/tt4147712/,254
Grace and Frankie,1.12,1,12,8.1,The Bachelor Party,http://www.imdb.com/title/tt4175114/,269
Grace and Frankie,1.13,1,13,8.4,The Vows,http://www.imdb.com/title/tt4192582/,301
Grace and Frankie,2.1,2,1,8.3,The Wish,http://www.imdb.com/title/tt4713652/,186
Grace and Frankie,2.2,2,2,8.2,The Vitamix,http://www.imdb.com/title/tt4887318/,173
Grace and Frankie,2.3,2,3,8.1,The Negotiation,http://www.imdb.com/title/tt4887320/,160
Grace and Frankie,2.4,2,4,8.1,The Road Trip,http://www.imdb.com/title/tt4955396/,149
Grace and Frankie,2.5,2,5,8.3,The Test,http://www.imdb.com/title/tt4955404/,151
Grace and Frankie,2.6,2,6,8.3,The Chicken,http://www.imdb.com/title/tt4971010/,154
Grace and Frankie,2.7,2,7,8.3,The Boar,http://www.imdb.com/title/tt4985798/,142
Grace and Frankie,2.8,2,8,8.4,The Anchor,http://www.imdb.com/title/tt5025236/,143
Grace and Frankie,2.9,2,9,8.5,The Goodbyes,http://www.imdb.com/title/tt5042894/,142
Grace and Frankie,2.10,2,10,8.4,The Loophole,http://www.imdb.com/title/tt5042902/,138
Grace and Frankie,2.11,2,11,8.6,The Bender,http://www.imdb.com/title/tt5008268/,138
Grace and Frankie,2.12,2,12,8.7,The Party,http://www.imdb.com/title/tt5042910/,176
Grace and Frankie,2.13,2,13,9.2,The Coup,http://www.imdb.com/title/tt5042916/,234
Hemlock Grove,1.1,1,1,7,Jellyfish in the Sky,http://www.imdb.com/title/tt2321901/,708
Hemlock Grove,1.2,1,2,7.4,The Angel,http://www.imdb.com/title/tt2369352/,517
Hemlock Grove,1.3,1,3,7.3,The Order of the Dragon,http://www.imdb.com/title/tt2376640/,437
Hemlock Grove,1.4,1,4,7.2,In Poor Taste,http://www.imdb.com/title/tt2383486/,386
Hemlock Grove,1.5,1,5,7.5,"Hello, Handsome",http://www.imdb.com/title/tt2346502/,363
Hemlock Grove,1.6,1,6,7.2,The Crucible,http://www.imdb.com/title/tt2381712/,343
Hemlock Grove,1.7,1,7,7.2,Measure of Disorder,http://www.imdb.com/title/tt2381724/,332
Hemlock Grove,1.8,1,8,7.1,Catabasis,http://www.imdb.com/title/tt2547668/,348
Hemlock Grove,1.9,1,9,7.2,What Peter Can Live Without,http://www.imdb.com/title/tt2525416/,318
Hemlock Grove,1.10,1,10,7.6,What God Wants,http://www.imdb.com/title/tt2483436/,329
Hemlock Grove,1.11,1,11,7.4,The Price,http://www.imdb.com/title/tt2486386/,315
Hemlock Grove,1.12,1,12,7.8,Children of the Night,http://www.imdb.com/title/tt2622000/,325
Hemlock Grove,1.13,1,13,7.6,Birth,http://www.imdb.com/title/tt2623400/,371
Hemlock Grove,2.1,2,1,7.7,Blood Pressure,http://www.imdb.com/title/tt2996252/,263
Hemlock Grove,2.2,2,2,7.2,Gone Sis,http://www.imdb.com/title/tt3316750/,183
Hemlock Grove,2.3,2,3,7.4,Luna Rea,http://www.imdb.com/title/tt3288664/,197
Hemlock Grove,2.4,2,4,7.5,Bodily Fluids,http://www.imdb.com/title/tt3321816/,185
Hemlock Grove,2.5,2,5,7.6,Hemlock Diego's Policy Player's Dream Book,http://www.imdb.com/title/tt3313288/,185
Hemlock Grove,2.6,2,6,7.6,Such Dire Stuff,http://www.imdb.com/title/tt3366708/,193
Hemlock Grove,2.7,2,7,7.7,Lost Generation,http://www.imdb.com/title/tt3699420/,185
Hemlock Grove,2.8,2,8,7.8,Unicorn,http://www.imdb.com/title/tt3616468/,193
Hemlock Grove,2.9,2,9,7.9,Tintypes,http://www.imdb.com/title/tt3688600/,203
Hemlock Grove,2.10,2,10,7.5,Demons and the Dogstar,http://www.imdb.com/title/tt3672106/,241
Hemlock Grove,3.1,3,1,7.9,A Place to Fall,http://www.imdb.com/title/tt4007078/,135
Hemlock Grove,3.2,3,2,7.7,Souls on Ice,http://www.imdb.com/title/tt4289380/,113
Hemlock Grove,3.3,3,3,7.6,The House in the Woods,http://www.imdb.com/title/tt4296020/,105
Hemlock Grove,3.4,3,4,8,Every Beast,http://www.imdb.com/title/tt4296018/,100
Hemlock Grove,3.5,3,5,7.4,Boy in the Box,http://www.imdb.com/title/tt4296024/,106
Hemlock Grove,3.6,3,6,7.6,Pendant,http://www.imdb.com/title/tt4296028/,96
Hemlock Grove,3.7,3,7,7.6,Todos Santos,http://www.imdb.com/title/tt4296030/,96
Hemlock Grove,3.8,3,8,7.5,Dire Night on the Worm Moon,http://www.imdb.com/title/tt4296036/,93
Hemlock Grove,3.9,3,9,7.4,Damascus,http://www.imdb.com/title/tt4296038/,99
Hemlock Grove,3.10,3,10,6.6,Brian's Song,http://www.imdb.com/title/tt4008644/,132
House of Cards,1.1,1,1,8.7,Chapter 1,http://www.imdb.com/title/tt2161930/,5028
House of Cards,1.2,1,2,8.7,Chapter 2,http://www.imdb.com/title/tt2250466/,3932
House of Cards,1.3,1,3,8.4,Chapter 3,http://www.imdb.com/title/tt2248444/,3435
House of Cards,1.4,1,4,8.3,Chapter 4,http://www.imdb.com/title/tt2248422/,3225
House of Cards,1.5,1,5,8.5,Chapter 5,http://www.imdb.com/title/tt2294870/,3139
House of Cards,1.6,1,6,8.6,Chapter 6,http://www.imdb.com/title/tt2311910/,3135
House of Cards,1.7,1,7,8.3,Chapter 7,http://www.imdb.com/title/tt2311926/,2938
House of Cards,1.8,1,8,7.9,Chapter 8,http://www.imdb.com/title/tt2312714/,3079
House of Cards,1.9,1,9,8.6,Chapter 9,http://www.imdb.com/title/tt2248426/,2848
House of Cards,1.10,1,10,8.8,Chapter 10,http://www.imdb.com/title/tt2468204/,2881
House of Cards,1.11,1,11,9.1,Chapter 11,http://www.imdb.com/title/tt2440660/,3180
House of Cards,1.12,1,12,8.6,Chapter 12,http://www.imdb.com/title/tt2555986/,2771
House of Cards,1.13,1,13,8.9,Chapter 13,http://www.imdb.com/title/tt2555988/,3077
House of Cards,2.1,2,1,9.6,Chapter 14,http://www.imdb.com/title/tt2811510/,6109
House of Cards,2.2,2,2,8.5,Chapter 15,http://www.imdb.com/title/tt3221190/,2779
House of Cards,2.3,2,3,8.6,Chapter 16,http://www.imdb.com/title/tt2990016/,2651
House of Cards,2.4,2,4,9.1,Chapter 17,http://www.imdb.com/title/tt3001906/,3014
House of Cards,2.5,2,5,8.5,Chapter 18,http://www.imdb.com/title/tt3001926/,2494
House of Cards,2.6,2,6,8.5,Chapter 19,http://www.imdb.com/title/tt3221232/,2420
House of Cards,2.7,2,7,8.6,Chapter 20,http://www.imdb.com/title/tt3147682/,2415
House of Cards,2.8,2,8,8.7,Chapter 21,http://www.imdb.com/title/tt3147690/,2410
House of Cards,2.9,2,9,9,Chapter 22,http://www.imdb.com/title/tt3186026/,2601
House of Cards,2.10,2,10,8.5,Chapter 23,http://www.imdb.com/title/tt3221270/,2374
House of Cards,2.11,2,11,8.8,Chapter 24,http://www.imdb.com/title/tt3297502/,2627
House of Cards,2.12,2,12,9,Chapter 25,http://www.imdb.com/title/tt3326204/,2488
House of Cards,2.13,2,13,9.6,Chapter 26,http://www.imdb.com/title/tt3326208/,4463
House of Cards,3.1,3,1,8.2,Chapter 27,http://www.imdb.com/title/tt3513862/,2900
House of Cards,3.2,3,2,8.6,Chapter 28,http://www.imdb.com/title/tt3892086/,2537
House of Cards,3.3,3,3,8.7,Chapter 29,http://www.imdb.com/title/tt3892088/,2703
House of Cards,3.4,3,4,8.4,Chapter 30,http://www.imdb.com/title/tt3892094/,2335
House of Cards,3.5,3,5,8.4,Chapter 31,http://www.imdb.com/title/tt3897442/,2229
House of Cards,3.6,3,6,9.2,Chapter 32,http://www.imdb.com/title/tt3897454/,3319
House of Cards,3.7,3,7,8.3,Chapter 33,http://www.imdb.com/title/tt3918768/,2264
House of Cards,3.8,3,8,8.4,Chapter 34,http://www.imdb.com/title/tt4083028/,2133
House of Cards,3.9,3,9,8.5,Chapter 35,http://www.imdb.com/title/tt4035250/,2125
House of Cards,3.10,3,10,8.3,Chapter 36,http://www.imdb.com/title/tt4128566/,2095
House of Cards,3.11,3,11,9.1,Chapter 37,http://www.imdb.com/title/tt4128572/,2493
House of Cards,3.12,3,12,8.9,Chapter 38,http://www.imdb.com/title/tt4128574/,2250
House of Cards,3.13,3,13,9,Chapter 39,http://www.imdb.com/title/tt4221826/,2985
House of Cards,4.1,4,1,8.2,Chapter 40,http://www.imdb.com/title/tt4498368/,2327
House of Cards,4.2,4,2,8.4,Chapter 41,http://www.imdb.com/title/tt4817660/,1996
House of Cards,4.3,4,3,9,Chapter 42,http://www.imdb.com/title/tt4817664/,2077
House of Cards,4.4,4,4,9.5,Chapter 43,http://www.imdb.com/title/tt4817670/,2598
House of Cards,4.5,4,5,8.6,Chapter 44,http://www.imdb.com/title/tt4949018/,1818
House of Cards,4.6,4,6,8.8,Chapter 45,http://www.imdb.com/title/tt4949028/,1893
House of Cards,4.7,4,7,8.7,Chapter 46,http://www.imdb.com/title/tt5025272/,1776
House of Cards,4.8,4,8,8.3,Chapter 47,http://www.imdb.com/title/tt5095720/,1673
House of Cards,4.9,4,9,9,Chapter 48,http://www.imdb.com/title/tt5083704/,1783
House of Cards,4.10,4,10,9.5,Chapter 49,http://www.imdb.com/title/tt5095730/,2465
House of Cards,4.11,4,11,8.6,Chapter 50,http://www.imdb.com/title/tt5095732/,1692
House of Cards,4.12,4,12,9,Chapter 51,http://www.imdb.com/title/tt5095742/,1770
House of Cards,4.13,4,13,9.6,Chapter 52,http://www.imdb.com/title/tt5095748/,3807
Jessica Jones,1.1,1,1,8.2,AKA Ladies Night,http://www.imdb.com/title/tt4162058/,3933
Jessica Jones,1.2,1,2,8.3,AKA Crush Syndrome,http://www.imdb.com/title/tt4162062/,3163
Jessica Jones,1.3,1,3,8.4,AKA It's Called Whiskey,http://www.imdb.com/title/tt4162064/,2948
Jessica Jones,1.4,1,4,8.2,AKA 99 Friends,http://www.imdb.com/title/tt4162066/,2820
Jessica Jones,1.5,1,5,8.6,AKA The Sandwich Saved Me,http://www.imdb.com/title/tt4162072/,2795
Jessica Jones,1.6,1,6,8.4,AKA You're a Winner!,http://www.imdb.com/title/tt4162076/,2668
Jessica Jones,1.7,1,7,8.7,AKA Top Shelf Perverts,http://www.imdb.com/title/tt4162080/,2686
Jessica Jones,1.8,1,8,9.1,AKA WWJD?,http://www.imdb.com/title/tt4162078/,2918
Jessica Jones,1.9,1,9,9.2,AKA Sin Bin,http://www.imdb.com/title/tt4162086/,3083
Jessica Jones,1.10,1,10,8.9,"AKA 1,000 Cuts",http://www.imdb.com/title/tt4162088/,2798
Jessica Jones,1.11,1,11,8.3,AKA I've Got the Blues,http://www.imdb.com/title/tt4162092/,2508
Jessica Jones,1.12,1,12,8.7,AKA Take a Bloody Number,http://www.imdb.com/title/tt4162094/,2500
Jessica Jones,1.13,1,13,8.8,AKA Smile,http://www.imdb.com/title/tt4162096/,2811
Lady Dynamite,1.1,1,1,7.3,Pilot,http://www.imdb.com/title/tt4810502/,125
Lady Dynamite,1.2,1,2,8,Bisexual Because of Meth,http://www.imdb.com/title/tt4885186/,95
Lady Dynamite,1.3,1,3,8.5,White Trash,http://www.imdb.com/title/tt5040140/,94
Lady Dynamite,1.4,1,4,8.4,Jack and Diane,http://www.imdb.com/title/tt5040148/,91
Lady Dynamite,1.5,1,5,8,I Love You,http://www.imdb.com/title/tt5040158/,77
Lady Dynamite,1.6,1,6,7.8,Loaf Coach,http://www.imdb.com/title/tt5040160/,70
Lady Dynamite,1.7,1,7,7.7,Josue,http://www.imdb.com/title/tt5040166/,71
Lady Dynamite,1.8,1,8,8.2,A Vaginismus Miracle,http://www.imdb.com/title/tt5040174/,72
Lady Dynamite,1.9,1,9,7.6,No Friend Left Behind,http://www.imdb.com/title/tt5040176/,62
Lady Dynamite,1.10,1,10,8.1,Knife Feelings,http://www.imdb.com/title/tt5040184/,56
Lady Dynamite,1.11,1,11,8.1,Mein Ramp,http://www.imdb.com/title/tt5040186/,54
Lady Dynamite,1.12,1,12,8.2,Enter Super Grisham,http://www.imdb.com/title/tt5103772/,56
Longmire,1.1,1,1,8.3,Pilot,http://www.imdb.com/title/tt2138563/,808
Longmire,1.2,1,2,8.3,The Dark Road,http://www.imdb.com/title/tt2360415/,685
Longmire,1.3,1,3,8.4,A Damn Shame,http://www.imdb.com/title/tt2360413/,672
Longmire,1.4,1,4,8.5,The Cancer,http://www.imdb.com/title/tt2365287/,653
Longmire,1.5,1,5,8.7,Dog Soldier,http://www.imdb.com/title/tt2395981/,667
Longmire,1.6,1,6,8.3,The Worst Kind of Hunter,http://www.imdb.com/title/tt2181676/,623
Longmire,1.7,1,7,8.5,8 Seconds,http://www.imdb.com/title/tt2233974/,622
Longmire,1.8,1,8,8.6,An Incredibly Beautiful Thing,http://www.imdb.com/title/tt2218332/,599
Longmire,1.9,1,9,8.8,"Dogs, Horses and Indians",http://www.imdb.com/title/tt2206692/,594
Longmire,1.10,1,10,8.9,Unfinished Business,http://www.imdb.com/title/tt2298948/,600
Longmire,2.1,2,1,8.6,Unquiet Mind,http://www.imdb.com/title/tt2858114/,608
Longmire,2.2,2,2,8.6,Carcasses,http://www.imdb.com/title/tt2836784/,573
Longmire,2.3,2,3,8.7,Death Came in Like Thunder,http://www.imdb.com/title/tt2848250/,558
Longmire,2.4,2,4,8.4,The Road to Hell,http://www.imdb.com/title/tt2866718/,556
Longmire,2.5,2,5,8.5,Party's Over,http://www.imdb.com/title/tt2976846/,551
Longmire,2.6,2,6,8.6,Tell It Slant,http://www.imdb.com/title/tt2939110/,549
Longmire,2.7,2,7,8.7,Sound and Fury,http://www.imdb.com/title/tt2994208/,550
Longmire,2.8,2,8,8.8,The Great Spirit,http://www.imdb.com/title/tt3026506/,534
Longmire,2.9,2,9,8.7,Tuscan Red,http://www.imdb.com/title/tt3062288/,530
Longmire,2.10,2,10,9.2,Election Day,http://www.imdb.com/title/tt3075488/,575
Longmire,2.11,2,11,8.9,Natural Order,http://www.imdb.com/title/tt3069862/,534
Longmire,2.12,2,12,8.8,A Good Death Is Hard to Find,http://www.imdb.com/title/tt3116470/,543
Longmire,2.13,2,13,9.3,Bad Medicine,http://www.imdb.com/title/tt3116472/,629
Longmire,3.1,3,1,9,The White Warrior,http://www.imdb.com/title/tt3158224/,598
Longmire,3.2,3,2,8.9,Of Children and Travelers,http://www.imdb.com/title/tt3630776/,555
Longmire,3.3,3,3,9,Miss Cheyenne,http://www.imdb.com/title/tt3715260/,557
Longmire,3.4,3,4,8.8,In the Pines,http://www.imdb.com/title/tt3693032/,533
Longmire,3.5,3,5,9,Wanted Man,http://www.imdb.com/title/tt3708834/,538
Longmire,3.6,3,6,8.9,Reports of My Death,http://www.imdb.com/title/tt3803424/,538
Longmire,3.7,3,7,9.1,Population 25,http://www.imdb.com/title/tt3766950/,587
Longmire,3.8,3,8,8.9,Harvest,http://www.imdb.com/title/tt3833736/,531
Longmire,3.9,3,9,9.1,Counting Coup,http://www.imdb.com/title/tt3785938/,553
Longmire,3.10,3,10,9.4,Ashes to Ashes,http://www.imdb.com/title/tt3833732/,645
Longmire,4.1,4,1,9.4,Down by the River,http://www.imdb.com/title/tt4237512/,866
Longmire,4.2,4,2,9,War Eagle,http://www.imdb.com/title/tt4337664/,686
Longmire,4.3,4,3,9.6,High Noon,http://www.imdb.com/title/tt4429538/,748
Longmire,4.4,4,4,9,Four Arrows,http://www.imdb.com/title/tt4429542/,637
Longmire,4.5,4,5,9.1,Help Wanted,http://www.imdb.com/title/tt4429540/,642
Longmire,4.6,4,6,9.2,The Calling Back,http://www.imdb.com/title/tt4429552/,620
Longmire,4.7,4,7,9,Highway Robbery,http://www.imdb.com/title/tt4429558/,591
Longmire,4.8,4,8,9.2,Hector Lives,http://www.imdb.com/title/tt4429562/,572
Longmire,4.9,4,9,9.2,Shotgun,http://www.imdb.com/title/tt4429568/,619
Longmire,4.10,4,10,9.5,What Happens on the Rez...,http://www.imdb.com/title/tt4237514/,686
Longmire,5.1,5,1,9.1,A Fog That Won't Lift,http://www.imdb.com/title/tt5197284/,188
Longmire,5.2,5,2,8.8,One Good Memory,http://www.imdb.com/title/tt5584474/,135
Longmire,5.3,5,3,9,Chrysalis,http://www.imdb.com/title/tt5648208/,156
Longmire,5.4,5,4,8.7,The Judas Wolf,http://www.imdb.com/title/tt5788330/,124
Longmire,5.5,5,5,9,Pure Peckinpah,http://www.imdb.com/title/tt5847000/,127
Longmire,5.6,5,6,8.8,Objection,http://www.imdb.com/title/tt5862056/,115
Longmire,5.7,5,7,8.8,From This Day Forward,http://www.imdb.com/title/tt5862134/,114
Longmire,5.8,5,8,9,Stand Your Ground,http://www.imdb.com/title/tt5862136/,123
Longmire,5.9,5,9,9,Continual Soiree,http://www.imdb.com/title/tt5862138/,136
Longmire,5.10,5,10,8.6,The Stuff Dreams Are Made Of,http://www.imdb.com/title/tt5862050/,134
Love,1.1,1,1,7.5,It Begins,http://www.imdb.com/title/tt4288962/,571
Love,1.2,1,2,8.4,One Long Day,http://www.imdb.com/title/tt4642824/,470
Love,1.3,1,3,7.6,Tested,http://www.imdb.com/title/tt4716766/,396
Love,1.4,1,4,8.2,Party in the Hills,http://www.imdb.com/title/tt4716772/,397
Love,1.5,1,5,8.6,The Date,http://www.imdb.com/title/tt4716776/,425
Love,1.6,1,6,7.9,Andy,http://www.imdb.com/title/tt4742280/,370
Love,1.7,1,7,8,Magic,http://www.imdb.com/title/tt4742284/,335
Love,1.8,1,8,8.3,Closing Title Song,http://www.imdb.com/title/tt4742294/,342
Love,1.9,1,9,8.4,The Table Read,http://www.imdb.com/title/tt4742296/,328
Love,1.10,1,10,8.5,The End of the Beginning,http://www.imdb.com/title/tt4425192/,367
Luke Cage,1.1,1,1,8,Moment of Truth,http://www.imdb.com/title/tt4179626/,1986
Luke Cage,1.2,1,2,8.5,Code of the Streets,http://www.imdb.com/title/tt4179628/,1606
Luke Cage,1.3,1,3,8.6,Who's Gonna Take the Weight?,http://www.imdb.com/title/tt4179634/,1431
Luke Cage,1.4,1,4,8.7,Step in the Arena,http://www.imdb.com/title/tt4179636/,1400
Luke Cage,1.5,1,5,8.3,Just to Get a Rep,http://www.imdb.com/title/tt4179642/,1211
Luke Cage,1.6,1,6,8.4,Suckas Need Bodyguards,http://www.imdb.com/title/tt4179686/,1119
Luke Cage,1.7,1,7,8.8,Manifest,http://www.imdb.com/title/tt4179742/,1151
Luke Cage,1.8,1,8,8.5,Blowin' Up the Spot,http://www.imdb.com/title/tt4179760/,1022
Luke Cage,1.9,1,9,8.3,DWYCK,http://www.imdb.com/title/tt4179772/,936
Luke Cage,1.10,1,10,8.5,Take It Personal,http://www.imdb.com/title/tt4179776/,898
Luke Cage,1.11,1,11,8.7,Now You're Mine,http://www.imdb.com/title/tt4179784/,893
Luke Cage,1.12,1,12,8.6,Soliloquy of Chaos,http://www.imdb.com/title/tt4179798/,877
Luke Cage,1.13,1,13,8.4,You Know My Steez,http://www.imdb.com/title/tt4179804/,911
Marco Polo,1.1,1,1,7.5,The Wayfarer,http://www.imdb.com/title/tt3466846/,1068
Marco Polo,1.2,1,2,8.2,The Wolf and the Deer,http://www.imdb.com/title/tt3798170/,826
Marco Polo,1.3,1,3,8,Feast,http://www.imdb.com/title/tt3720652/,688
Marco Polo,1.4,1,4,8.1,The Fourth Step,http://www.imdb.com/title/tt3720656/,620
Marco Polo,1.5,1,5,8.3,Hashshashin,http://www.imdb.com/title/tt3798176/,615
Marco Polo,1.6,1,6,8.2,White Moon,http://www.imdb.com/title/tt3798178/,580
Marco Polo,1.7,1,7,8.4,The Scholar's Pen,http://www.imdb.com/title/tt3855306/,572
Marco Polo,1.8,1,8,8.3,Rendering,http://www.imdb.com/title/tt3720658/,554
Marco Polo,1.9,1,9,8.3,Prisoners,http://www.imdb.com/title/tt3855318/,569
Marco Polo,1.10,1,10,9,The Heavenly and Primal,http://www.imdb.com/title/tt3720660/,770
Marco Polo,2.1,2,1,8.1,Hunter and the Sable Weaver,http://www.imdb.com/title/tt4336522/,412
Marco Polo,2.2,2,2,8.3,Hug,http://www.imdb.com/title/tt4832108/,361
Marco Polo,2.3,2,3,8.1,Measure Against the Linchpin,http://www.imdb.com/title/tt5086470/,307
Marco Polo,2.4,2,4,7.9,Let God's Work Begin,http://www.imdb.com/title/tt4832110/,299
Marco Polo,2.5,2,5,8.2,Lullaby,http://www.imdb.com/title/tt5098990/,267
Marco Polo,2.6,2,6,8.2,Serpent's Terms,http://www.imdb.com/title/tt5111404/,243
Marco Polo,2.7,2,7,8.5,Lost Crane,http://www.imdb.com/title/tt5137972/,248
Marco Polo,2.8,2,8,8.5,Whitehorse,http://www.imdb.com/title/tt5235414/,255
Marco Polo,2.9,2,9,9,Heirs,http://www.imdb.com/title/tt5244838/,389
Marco Polo,2.10,2,10,8.9,The Fellowship,http://www.imdb.com/title/tt4566174/,343
Marseille,1.1,1,1,7.6,20 ans,http://www.imdb.com/title/tt4324578/,122
Marseille,1.2,1,2,7.6,Homme de paille,http://www.imdb.com/title/tt4324580/,90
Marseille,1.3,1,3,7.8,Crocodile,http://www.imdb.com/title/tt5603474/,81
Marseille,1.4,1,4,7.5,Intox,http://www.imdb.com/title/tt5603476/,74
Marseille,1.5,1,5,7.8,Face à Face,http://www.imdb.com/title/tt5569920/,71
Marseille,1.6,1,6,7.8,"Liberté, Egalité, sans Pitié",http://www.imdb.com/title/tt5569950/,69
Marseille,1.7,1,7,7.6,A voté,http://www.imdb.com/title/tt5569964/,65
Marseille,1.8,1,8,8,La Lutte Finale,http://www.imdb.com/title/tt5569968/,77
Master of None,1.1,1,1,7.7,Plan B,http://www.imdb.com/title/tt4672180/,1065
Master of None,1.2,1,2,8.3,Parents,http://www.imdb.com/title/tt4672182/,1038
Master of None,1.3,1,3,8.3,Hot Ticket,http://www.imdb.com/title/tt4672184/,850
Master of None,1.4,1,4,8.5,Indians on TV,http://www.imdb.com/title/tt4658458/,824
Master of None,1.5,1,5,8.3,The Other Man,http://www.imdb.com/title/tt4672218/,803
Master of None,1.6,1,6,8.8,Nashville,http://www.imdb.com/title/tt4672216/,871
Master of None,1.7,1,7,8.3,Ladies and Gentlemen,http://www.imdb.com/title/tt4674610/,731
Master of None,1.8,1,8,8.5,Old People,http://www.imdb.com/title/tt4672186/,724
Master of None,1.9,1,9,8.9,Mornings,http://www.imdb.com/title/tt4674608/,811
Master of None,1.10,1,10,8.9,Finale,http://www.imdb.com/title/tt4674612/,743
Narcos,1.1,1,1,9,Descenso,http://www.imdb.com/title/tt3591824/,3872
Narcos,1.2,1,2,8.6,The Sword of Simón Bolivar,http://www.imdb.com/title/tt3736868/,2715
Narcos,1.3,1,3,8.6,The Men of Always,http://www.imdb.com/title/tt3736866/,2436
Narcos,1.4,1,4,8.8,The Palace in Flames,http://www.imdb.com/title/tt3736870/,2370
Narcos,1.5,1,5,8.5,There Will Be a Future,http://www.imdb.com/title/tt3736874/,2177
Narcos,1.6,1,6,9.1,Explosivos,http://www.imdb.com/title/tt3736872/,2420
Narcos,1.7,1,7,8.7,You Will Cry Tears of Blood,http://www.imdb.com/title/tt3736876/,2042
Narcos,1.8,1,8,9,La Gran Mentira,http://www.imdb.com/title/tt3736878/,2174
Narcos,1.9,1,9,8.7,La Catedral,http://www.imdb.com/title/tt3736882/,1971
Narcos,1.10,1,10,8.9,Despegue,http://www.imdb.com/title/tt3736880/,2186
Narcos,2.1,2,1,8.5,Free at Last,http://www.imdb.com/title/tt5011946/,1607
Narcos,2.2,2,2,8.7,Cambalache,http://www.imdb.com/title/tt5714376/,1453
Narcos,2.3,2,3,8.7,Our Man in Madrid,http://www.imdb.com/title/tt5714386/,1319
Narcos,2.4,2,4,9.4,"The Good, the Bad, and the Dead",http://www.imdb.com/title/tt5714396/,1833
Narcos,2.5,2,5,8.7,The Enemies of My Enemy,http://www.imdb.com/title/tt5714398/,1191
Narcos,2.6,2,6,9.2,Los Pepes,http://www.imdb.com/title/tt5714400/,1449
Narcos,2.7,2,7,8.8,Deutschland 93,http://www.imdb.com/title/tt5714402/,1191
Narcos,2.8,2,8,8.9,Exit El Patrón,http://www.imdb.com/title/tt5714404/,1167
Narcos,2.9,2,9,8.7,Nuestra Finca,http://www.imdb.com/title/tt5714406/,1153
Narcos,2.10,2,10,9.5,Al Fin Cayó!,http://www.imdb.com/title/tt5714408/,1987
Orange Is the New Black,1.1,1,1,7.9,I Wasn't Ready,http://www.imdb.com/title/tt2400770/,2597
Orange Is the New Black,1.2,1,2,8.1,Tit Punch,http://www.imdb.com/title/tt2431596/,2058
Orange Is the New Black,1.3,1,3,8.2,Lesbian Request Denied,http://www.imdb.com/title/tt2451520/,1948
Orange Is the New Black,1.4,1,4,8.2,Imaginary Enemies,http://www.imdb.com/title/tt2577286/,1822
Orange Is the New Black,1.5,1,5,8.1,The Chickening,http://www.imdb.com/title/tt2511030/,1800
Orange Is the New Black,1.6,1,6,8,WAC Pack,http://www.imdb.com/title/tt2511028/,1679
Orange Is the New Black,1.7,1,7,8,Blood Donut,http://www.imdb.com/title/tt2595996/,1596
Orange Is the New Black,1.8,1,8,8,Moscow Mule,http://www.imdb.com/title/tt2620550/,1571
Orange Is the New Black,1.9,1,9,8.6,Fucksgiving,http://www.imdb.com/title/tt2640490/,1702
Orange Is the New Black,1.10,1,10,8.7,Bora Bora Bora,http://www.imdb.com/title/tt2692410/,1692
Orange Is the New Black,1.11,1,11,8.6,Tall Men with Feelings,http://www.imdb.com/title/tt2739642/,1630
Orange Is the New Black,1.12,1,12,8.3,Fool Me Once,http://www.imdb.com/title/tt2754710/,1518
Orange Is the New Black,1.13,1,13,9,Can't Fix Crazy,http://www.imdb.com/title/tt2754708/,2127
Orange Is the New Black,2.1,2,1,8.6,Thirsty Bird,http://www.imdb.com/title/tt3015084/,1824
Orange Is the New Black,2.2,2,2,8,"Looks Blue, Tastes Red",http://www.imdb.com/title/tt3099720/,1471
Orange Is the New Black,2.3,2,3,8.3,Hugs Can Be Deceiving,http://www.imdb.com/title/tt3262412/,1383
Orange Is the New Black,2.4,2,4,8.5,A Whole Other Hole,http://www.imdb.com/title/tt3262414/,1402
Orange Is the New Black,2.5,2,5,8,Low Self Esteem City,http://www.imdb.com/title/tt3262416/,1302
Orange Is the New Black,2.6,2,6,8.4,You Also Have a Pizza,http://www.imdb.com/title/tt3262410/,1363
Orange Is the New Black,2.7,2,7,8.1,Comic Sans,http://www.imdb.com/title/tt3262424/,1269
Orange Is the New Black,2.8,2,8,8.4,Appropriately Sized Pots,http://www.imdb.com/title/tt3262418/,1247
Orange Is the New Black,2.9,2,9,8.6,40 OZ of Furlough,http://www.imdb.com/title/tt3262426/,1299
Orange Is the New Black,2.10,2,10,8.7,Little Mustachioed Shit,http://www.imdb.com/title/tt3262428/,1291
Orange Is the New Black,2.11,2,11,8.4,Take a Break from Your Values,http://www.imdb.com/title/tt3262420/,1258
Orange Is the New Black,2.12,2,12,8.8,It Was the Change,http://www.imdb.com/title/tt3262422/,1373
Orange Is the New Black,2.13,2,13,9.4,We Have Manners. We're Polite.,http://www.imdb.com/title/tt3262434/,2677
Orange Is the New Black,3.1,3,1,7.8,Mother's Day,http://www.imdb.com/title/tt3713502/,1502
Orange Is the New Black,3.2,3,2,7.9,Bed Bugs and Beyond,http://www.imdb.com/title/tt3807516/,1256
Orange Is the New Black,3.3,3,3,8.3,Empathy Is a Boner Killer,http://www.imdb.com/title/tt3807522/,1224
Orange Is the New Black,3.4,3,4,8.1,Finger in the Dyke,http://www.imdb.com/title/tt3807518/,1146
Orange Is the New Black,3.5,3,5,7.9,Fake It Till You Fake It Some More,http://www.imdb.com/title/tt3807524/,1086
Orange Is the New Black,3.6,3,6,8.2,Ching Chong Chang,http://www.imdb.com/title/tt3807528/,1125
Orange Is the New Black,3.7,3,7,8.1,Tongue-Tied,http://www.imdb.com/title/tt3807532/,1054
Orange Is the New Black,3.8,3,8,8.1,"Fear, and Other Smells",http://www.imdb.com/title/tt3807534/,1024
Orange Is the New Black,3.9,3,9,8.1,Where My Dreidel At,http://www.imdb.com/title/tt3807526/,1020
Orange Is the New Black,3.10,3,10,8.5,A Tittin' and a Hairin',http://www.imdb.com/title/tt3807546/,1130
Orange Is the New Black,3.11,3,11,8.3,We Can Be Heroes,http://www.imdb.com/title/tt3807540/,1009
Orange Is the New Black,3.12,3,12,8.3,Don't Make Me Come Back There,http://www.imdb.com/title/tt3807544/,1039
Orange Is the New Black,3.13,3,13,9,Trust No Bitch,http://www.imdb.com/title/tt3807538/,1841
Orange Is the New Black,4.1,4,1,8.6,Work That Body for Me,http://www.imdb.com/title/tt4645280/,1144
Orange Is the New Black,4.2,4,2,8,Power Suit,http://www.imdb.com/title/tt4800062/,877
Orange Is the New Black,4.3,4,3,8.2,(Don't) Say Anything,http://www.imdb.com/title/tt4848198/,824
Orange Is the New Black,4.4,4,4,8.2,Doctor Psycho,http://www.imdb.com/title/tt4943588/,789
Orange Is the New Black,4.5,4,5,8.1,We'll Always Have Baltimore,http://www.imdb.com/title/tt4964764/,718
Orange Is the New Black,4.6,4,6,8.7,Piece of Sh*t,http://www.imdb.com/title/tt4955850/,829
Orange Is the New Black,4.7,4,7,8.8,It Sounded Nicer in My Head,http://www.imdb.com/title/tt4982080/,806
Orange Is the New Black,4.8,4,8,8.6,Friends in Low Places,http://www.imdb.com/title/tt5208156/,794
Orange Is the New Black,4.9,4,9,8.3,Turn Table Turn,http://www.imdb.com/title/tt5197318/,742
Orange Is the New Black,4.10,4,10,8.5,"Bunny, Skull, Bunny, Skull",http://www.imdb.com/title/tt5208192/,749
Orange Is the New Black,4.11,4,11,9.4,People Persons,http://www.imdb.com/title/tt5188388/,1229
Orange Is the New Black,4.12,4,12,9.4,The Animals,http://www.imdb.com/title/tt5193130/,1563
Orange Is the New Black,4.13,4,13,9.6,Toast Can't Never Be Bread Again,http://www.imdb.com/title/tt5193132/,2298
Sense8,1.1,1,1,7.5,Limbic Resonance,http://www.imdb.com/title/tt3818888/,2577
Sense8,1.2,1,2,8,I Am Also A We,http://www.imdb.com/title/tt3833452/,2080
Sense8,1.3,1,3,8.3,Smart Money's on the Skinny Bitch,http://www.imdb.com/title/tt3963482/,1961
Sense8,1.4,1,4,8.9,What's Going On?,http://www.imdb.com/title/tt3887950/,2134
Sense8,1.5,1,5,8.3,Art Is Like Religion,http://www.imdb.com/title/tt3887958/,1753
Sense8,1.6,1,6,8.6,Demons,http://www.imdb.com/title/tt3963484/,1828
Sense8,1.7,1,7,8.6,WWN Double-D?,http://www.imdb.com/title/tt3852470/,1655
Sense8,1.8,1,8,8.9,We Will All Be Judged by the Courage of Our Hearts,http://www.imdb.com/title/tt3963678/,1733
Sense8,1.9,1,9,8.4,Death Doesn't Let You Say Goodbye,http://www.imdb.com/title/tt3963682/,1695
Sense8,1.10,1,10,9,What Is Human?,http://www.imdb.com/title/tt3818892/,1897
Sense8,1.11,1,11,9,Just Turn the Wheel and the Future Changes,http://www.imdb.com/title/tt3887882/,1768
Sense8,1.12,1,12,9.2,I Can't Leave Her,http://www.imdb.com/title/tt3887888/,2265
Stranger Things,1.1,1,1,8.6,Chapter One: The Vanishing of Will Byers,http://www.imdb.com/title/tt4593118/,6714
Stranger Things,1.2,1,2,8.5,Chapter Two: The Weirdo on Maple Street,http://www.imdb.com/title/tt4593122/,5921
Stranger Things,1.3,1,3,9,"Chapter Three: Holly, Jolly",http://www.imdb.com/title/tt4593126/,5817
Stranger Things,1.4,1,4,9,Chapter Four: The Body,http://www.imdb.com/title/tt4593124/,5578
Stranger Things,1.5,1,5,8.9,Chapter Five: The Flea and the Acrobat,http://www.imdb.com/title/tt4593128/,5228
Stranger Things,1.6,1,6,9,Chapter Six: The Monster,http://www.imdb.com/title/tt4593132/,5048
Stranger Things,1.7,1,7,9.2,Chapter Seven: The Bathtub,http://www.imdb.com/title/tt4593134/,5344
Stranger Things,1.8,1,8,9.4,Chapter Eight: The Upside Down,http://www.imdb.com/title/tt4593138/,6411
The Characters,1.1,1,1,6.7,Lauren Lapkus,http://www.imdb.com/title/tt5529818/,94
The Characters,1.2,1,2,6.2,John Early,http://www.imdb.com/title/tt5529824/,72
The Characters,1.3,1,3,7.1,Henry Zebrowski,http://www.imdb.com/title/tt5529826/,66
The Characters,1.4,1,4,6.8,Kate Berlant,http://www.imdb.com/title/tt5529830/,53
The Characters,1.5,1,5,8.2,Natasha Rothwell,http://www.imdb.com/title/tt5529836/,55
The Characters,1.6,1,6,6.5,Paul W. Downs,http://www.imdb.com/title/tt5529838/,43
The Characters,1.7,1,7,7.9,Tim Robinson,http://www.imdb.com/title/tt5529840/,49
The Characters,1.8,1,8,7.1,Dr. Brown,http://www.imdb.com/title/tt5529846/,40
The Get Down,1.1,1,1,8.5,"Where There Is Ruin, There Is Hope for a Treasure",http://www.imdb.com/title/tt4611880/,581
The Get Down,1.2,1,2,8.5,Seek Those Who Fan Your Flames,http://www.imdb.com/title/tt4617332/,365
The Get Down,1.3,1,3,8.6,Darkness Is Your Candle,http://www.imdb.com/title/tt4617334/,342
The Get Down,1.4,1,4,8.5,"Forget Safety, Be Notorious",http://www.imdb.com/title/tt4617338/,296
The Get Down,1.5,1,5,9.1,"You Have Wings, Learn to Fly",http://www.imdb.com/title/tt4617340/,340
The Get Down,1.6,1,6,9.4,"Raise Your Words, Not Your Voice",http://www.imdb.com/title/tt4617342/,433
The Killing,1.1,1,1,8.3,Pilot,http://www.imdb.com/title/tt1729484/,1125
The Killing,1.2,1,2,8.2,The Cage,http://www.imdb.com/title/tt1769191/,817
The Killing,1.3,1,3,8.1,El Diablo,http://www.imdb.com/title/tt1793155/,779
The Killing,1.4,1,4,8,A Soundless Echo,http://www.imdb.com/title/tt1792692/,694
The Killing,1.5,1,5,8,Super 8,http://www.imdb.com/title/tt1792693/,698
The Killing,1.6,1,6,8.2,What You Have Left,http://www.imdb.com/title/tt1861182/,689
The Killing,1.7,1,7,8.1,Vengeance,http://www.imdb.com/title/tt1861183/,668
The Killing,1.8,1,8,8.1,Stonewalled,http://www.imdb.com/title/tt1861184/,664
The Killing,1.9,1,9,8.4,Undertow,http://www.imdb.com/title/tt1861185/,661
The Killing,1.10,1,10,8.3,I'll Let You Know When I Get There,http://www.imdb.com/title/tt1861186/,663
The Killing,1.11,1,11,7.8,Missing,http://www.imdb.com/title/tt1861179/,763
The Killing,1.12,1,12,8.8,Beau Soleil,http://www.imdb.com/title/tt1861180/,742
The Killing,1.13,1,13,8.4,Orpheus Descending,http://www.imdb.com/title/tt1861181/,821
The Killing,2.1,2,1,8.3,Reflections,http://www.imdb.com/title/tt1964127/,642
The Killing,2.2,2,2,8.2,My Lucky Day,http://www.imdb.com/title/tt1964132/,605
The Killing,2.3,2,3,7.8,Numb,http://www.imdb.com/title/tt1964133/,564
The Killing,2.4,2,4,8.1,Ogi Jun,http://www.imdb.com/title/tt1964134/,460
The Killing,2.5,2,5,8,Ghosts of the Past,http://www.imdb.com/title/tt1964135/,537
The Killing,2.6,2,6,7.9,Openings,http://www.imdb.com/title/tt1964136/,528
The Killing,2.7,2,7,8.3,Keylela,http://www.imdb.com/title/tt1964137/,540
The Killing,2.8,2,8,8.3,Off the Reservation,http://www.imdb.com/title/tt1964138/,543
The Killing,2.9,2,9,8.5,"Sayonara, Hiawatha",http://www.imdb.com/title/tt1964139/,547
The Killing,2.10,2,10,8.1,72 Hours,http://www.imdb.com/title/tt1964128/,557
The Killing,2.11,2,11,8.6,Bulldog,http://www.imdb.com/title/tt1964129/,560
The Killing,2.12,2,12,8.8,Donnie or Marie,http://www.imdb.com/title/tt1964130/,592
The Killing,2.13,2,13,9.3,What I Know,http://www.imdb.com/title/tt1964131/,1017
The Killing,3.1,3,1,8.3,The Jungle,http://www.imdb.com/title/tt2583900/,735
The Killing,3.2,3,2,8.5,That You Fear the Most,http://www.imdb.com/title/tt2640652/,649
The Killing,3.3,3,3,8.4,Seventeen,http://www.imdb.com/title/tt2640668/,544
The Killing,3.4,3,4,8.2,Head Shots,http://www.imdb.com/title/tt2640672/,518
The Killing,3.5,3,5,8.4,Scared and Running,http://www.imdb.com/title/tt2722616/,504
The Killing,3.6,3,6,8.2,Eminent Domain,http://www.imdb.com/title/tt2722618/,500
The Killing,3.7,3,7,8.4,Hope Kills,http://www.imdb.com/title/tt2722620/,499
The Killing,3.8,3,8,8.7,Try,http://www.imdb.com/title/tt2722622/,544
The Killing,3.9,3,9,9,Reckoning,http://www.imdb.com/title/tt2737334/,639
The Killing,3.10,3,10,9.3,Six Minutes,http://www.imdb.com/title/tt2737340/,915
The Killing,3.11,3,11,8.8,From Up Here,http://www.imdb.com/title/tt2737342/,538
The Killing,3.12,3,12,8.9,The Road to Hamelin,http://www.imdb.com/title/tt2737344/,709
The Killing,4.1,4,1,8.6,Blood in the Water,http://www.imdb.com/title/tt3355104/,670
The Killing,4.2,4,2,8.7,Unraveling,http://www.imdb.com/title/tt3458804/,592
The Killing,4.3,4,3,8.8,The Good Soldier,http://www.imdb.com/title/tt3458806/,543
The Killing,4.4,4,4,8.9,Dream Baby Dream,http://www.imdb.com/title/tt3458808/,560
The Killing,4.5,4,5,8.7,Truth Asunder,http://www.imdb.com/title/tt3458810/,562
The Killing,4.6,4,6,9.2,Eden,http://www.imdb.com/title/tt3458812/,1014
The Ranch,1.1,1,1,7,Back Where I Come From,http://www.imdb.com/title/tt5348920/,391
The Ranch,1.2,1,2,7.6,Some People Change,http://www.imdb.com/title/tt5432116/,282
The Ranch,1.3,1,3,7.9,The Boys of Fall,http://www.imdb.com/title/tt5555050/,249
The Ranch,1.4,1,4,8.1,Got a Little Crazy,http://www.imdb.com/title/tt5555124/,229
The Ranch,1.5,1,5,7.9,American Kids,http://www.imdb.com/title/tt5578812/,220
The Ranch,1.6,1,6,7.9,Better as a Memory,http://www.imdb.com/title/tt5555132/,209
The Ranch,1.7,1,7,8.5,I Can't Go There,http://www.imdb.com/title/tt5555134/,208
The Ranch,1.8,1,8,8.3,Til It's Gone,http://www.imdb.com/title/tt5555136/,200
The Ranch,1.9,1,9,8.6,There Goes My Life,http://www.imdb.com/title/tt5555138/,241
The Ranch,1.10,1,10,8.6,Down the Road,http://www.imdb.com/title/tt5555144/,257
The Ranch,1.11,1,11,8.1,Gone as a Girl Can Get,http://www.imdb.com/title/tt6120602/,71
The Ranch,1.12,1,12,8.2,Living and Living Well,http://www.imdb.com/title/tt6120604/,60
The Ranch,1.13,1,13,8.2,Sittin' on the Fence,http://www.imdb.com/title/tt6120606/,58
The Ranch,1.14,1,14,8.4,Let's Fall to Pieces Together,http://www.imdb.com/title/tt6120608/,56
The Ranch,1.15,1,15,8.5,I Know She Still Loves Me,http://www.imdb.com/title/tt6120610/,54
The Ranch,1.16,1,16,8.3,"Easy Come, Easy Go",http://www.imdb.com/title/tt6120614/,54
The Ranch,1.17,1,17,8.1,I've Come to Expect It from You,http://www.imdb.com/title/tt6120616/,49
The Ranch,1.18,1,18,8.5,The Cowboy Rides Away,http://www.imdb.com/title/tt6120618/,49
The Ranch,1.19,1,19,8.6,"Leavin' Been Comin' (For a Long, Long Time)",http://www.imdb.com/title/tt6120620/,46
The Ranch,1.20,1,20,9.2,Merry Christmas (Wherever You Are),http://www.imdb.com/title/tt5678008/,61
Trailer Park Boys,1.1,1,1,8.2,Take Your Little Gun and Get Out of My Trailer Park,http://www.imdb.com/title/tt0732920/,338
Trailer Park Boys,1.2,1,2,8.5,Fuck Community College. Let's Get Drunk and Eat Chicken Fingers,http://www.imdb.com/title/tt0732906/,274
Trailer Park Boys,1.3,1,3,8.7,Mr. Lahey's Got My Porno Tape!,http://www.imdb.com/title/tt0732914/,265
Trailer Park Boys,1.4,1,4,8.7,Mrs. Peterson's Dog Gets Fucked Up,http://www.imdb.com/title/tt0732915/,248
Trailer Park Boys,1.5,1,5,8.8,"I'm Not Gay, I love Lucy. Wait a Second, Maybe I am Gay",http://www.imdb.com/title/tt0732909/,237
Trailer Park Boys,1.6,1,6,9,Who the Hell Invited These Idiots to My Wedding?,http://www.imdb.com/title/tt0732932/,243
Trailer Park Boys,2.1,2,1,9,What in the Fuck Happened to Our Trailer Park?,http://www.imdb.com/title/tt0732930/,227
Trailer Park Boys,2.2,2,2,9,Jim Lahey Is a Drunk Bastard,http://www.imdb.com/title/tt0732912/,217
Trailer Park Boys,2.3,2,3,9.1,I've Met Cats and Dogs Smarter Than Trevor and Cory,http://www.imdb.com/title/tt0732910/,220
Trailer Park Boys,2.4,2,4,9,A Dope Trailer Is No Place for a Kitty,http://www.imdb.com/title/tt0732898/,227
Trailer Park Boys,2.5,2,5,9.2,The Bible Pimp,http://www.imdb.com/title/tt0732922/,246
Trailer Park Boys,2.6,2,6,9.1,Never Trust a Man with No Shirt On,http://www.imdb.com/title/tt0732917/,219
Trailer Park Boys,2.7,2,7,9.3,The Bare Pimp Project,http://www.imdb.com/title/tt0732923/,239
Trailer Park Boys,3.1,3,1,9,The Kiss of Freedom,http://www.imdb.com/title/tt0732926/,210
Trailer Park Boys,3.2,3,2,9.1,Temporary Relief Assistant Trailer Park Supervisor,http://www.imdb.com/title/tt0732921/,211
Trailer Park Boys,3.3,3,3,9.3,If I Can't Smoke and Swear. I'm Fucked,http://www.imdb.com/title/tt0732911/,241
Trailer Park Boys,3.4,3,4,9.2,Who's the Microphone Assassin?,http://www.imdb.com/title/tt0732933/,232
Trailer Park Boys,3.5,3,5,9.5,Closer to the Heart,http://www.imdb.com/title/tt0732901/,278
Trailer Park Boys,3.6,3,6,9.1,Where in the Fuck Is Randy's Barbeque?,http://www.imdb.com/title/tt0732931/,218
Trailer Park Boys,3.7,3,7,9,The Delusions of Officer Jim Lahey,http://www.imdb.com/title/tt0798774/,203
Trailer Park Boys,3.8,3,8,9.2,A Shit Leopard Can't Change Its Spots,http://www.imdb.com/title/tt0732900/,212
Trailer Park Boys,4.1,4,1,9.2,Never Cry Shitwolf,http://www.imdb.com/title/tt0732916/,204
Trailer Park Boys,4.2,4,2,9.1,A Man's Gotta Eat,http://www.imdb.com/title/tt0732899/,207
Trailer Park Boys,4.3,4,3,9.1,Rub n Tiz'zug,http://www.imdb.com/title/tt0732919/,204
Trailer Park Boys,4.4,4,4,9.2,The Green Bastard,http://www.imdb.com/title/tt0732925/,220
Trailer Park Boys,4.5,4,5,9.4,Conky,http://www.imdb.com/title/tt0732902/,259
Trailer Park Boys,4.6,4,6,9.1,"If You Love Something, Set It Free",http://www.imdb.com/title/tt0795903/,209
Trailer Park Boys,4.7,4,7,9.2,"Propane, Propane",http://www.imdb.com/title/tt0732918/,200
Trailer Park Boys,4.8,4,8,9.3,Workin' Man,http://www.imdb.com/title/tt0732934/,206
Trailer Park Boys,4.9,4,9,9.2,Dear Santa Claus: Go Fuck Yourself,http://www.imdb.com/title/tt0732903/,188
Trailer Park Boys,5.1,5,1,9.1,Give Peace a Chance,http://www.imdb.com/title/tt0732907/,187
Trailer Park Boys,5.2,5,2,9.2,The Shit Puppets,http://www.imdb.com/title/tt0732928/,183
Trailer Park Boys,5.3,5,3,9.2,The Fuckin' Way She Goes,http://www.imdb.com/title/tt0732924/,195
Trailer Park Boys,5.4,5,4,9.1,You Got to Blame the Thing Up Here,http://www.imdb.com/title/tt0732935/,181
Trailer Park Boys,5.5,5,5,9.2,"Mr. Lahey Is a Fuckin' Drunk, and He Always Will Be",http://www.imdb.com/title/tt0732913/,192
Trailer Park Boys,5.6,5,6,9.1,Don't Cross the Shitline,http://www.imdb.com/title/tt0732904/,183
Trailer Park Boys,5.7,5,7,9.2,The Winds of Shit,http://www.imdb.com/title/tt0732929/,186
Trailer Park Boys,5.8,5,8,9,Dressed All Over & Zesty Mordant,http://www.imdb.com/title/tt0732905/,178
Trailer Park Boys,5.9,5,9,9.3,I Am the Liquor,http://www.imdb.com/title/tt0732908/,196
Trailer Park Boys,5.10,5,10,9.4,The Shit Blizzard,http://www.imdb.com/title/tt0732927/,197
Trailer Park Boys,6.1,6,1,8.6,The Way of the Road,http://www.imdb.com/title/tt0795017/,145
Trailer Park Boys,6.2,6,2,8.6,The Cheeseburger Picnic,http://www.imdb.com/title/tt0795016/,137
Trailer Park Boys,6.3,6,3,9.1,High Definition Piss Jugs,http://www.imdb.com/title/tt0798773/,155
Trailer Park Boys,6.4,6,4,8.8,Where in the Fuck Is Oscar Goldman?,http://www.imdb.com/title/tt0803724/,149
Trailer Park Boys,6.5,6,5,9.1,Halloween 1977,http://www.imdb.com/title/tt0803723/,175
Trailer Park Boys,6.6,6,6,9.3,Gimme My Fuckin Money or Randy's Dead,http://www.imdb.com/title/tt0809898/,175
Trailer Park Boys,7.1,7,1,8.5,I Fuckin' Miss Cory and Trevor,http://www.imdb.com/title/tt1000552/,148
Trailer Park Boys,7.2,7,2,8.4,I Banged Lucy and Knocked Her Up... No Big Deal,http://www.imdb.com/title/tt1006252/,130
Trailer Park Boys,7.3,7,3,9.1,Three Good Men Are Dead,http://www.imdb.com/title/tt1006254/,145
Trailer Park Boys,7.4,7,4,8.7,Friends of the Road,http://www.imdb.com/title/tt0992775/,134
Trailer Park Boys,7.5,7,5,8.7,The Mustard Tiger,http://www.imdb.com/title/tt1006253/,132
Trailer Park Boys,7.6,7,6,8.7,We Can't Call People Without Wings Angels So We Call Them Friends,http://www.imdb.com/title/tt1026371/,129
Trailer Park Boys,7.7,7,7,8.2,Jump the Cheeseburger,http://www.imdb.com/title/tt1026368/,142
Trailer Park Boys,7.8,7,8,9,Let the Liquor do the Thinking,http://www.imdb.com/title/tt1026369/,145
Trailer Park Boys,7.9,7,9,8.7,Going Off the Rails on a Swayze Train,http://www.imdb.com/title/tt1026367/,134
Trailer Park Boys,7.10,7,10,9.4,A Shit River Runs Through It,http://www.imdb.com/title/tt1026366/,237
Trailer Park Boys,8.1,8,1,8.6,Money Can Suck My Cock,http://www.imdb.com/title/tt3164216/,166
Trailer Park Boys,8.2,8,2,8.3,The Fuckin' V-Team,http://www.imdb.com/title/tt3209300/,124
Trailer Park Boys,8.3,8,3,8.5,The Dirty Dancer,http://www.imdb.com/title/tt3209332/,118
Trailer Park Boys,8.4,8,4,8.4,Orangie's Pretty Fuckin' Tough,http://www.imdb.com/title/tt3209378/,117
Trailer Park Boys,8.5,8,5,8.5,Whore-A-Geddon,http://www.imdb.com/title/tt3209398/,117
Trailer Park Boys,8.6,8,6,8.6,Friends with the Benedicts,http://www.imdb.com/title/tt3209404/,116
Trailer Park Boys,8.7,8,7,8.1,Community Service and a Boner Made with Love,http://www.imdb.com/title/tt3209406/,113
Trailer Park Boys,8.8,8,8,8.1,The Super-Duper-Industrial-Bubbles-Honey-Oil-Inator,http://www.imdb.com/title/tt3209410/,103
Trailer Park Boys,8.9,8,9,8.1,"Righties Loosies, Lefties Tighties",http://www.imdb.com/title/tt3209414/,103
Trailer Park Boys,8.10,8,10,8.5,Crawling Through the Shitpipe,http://www.imdb.com/title/tt3174930/,113
Trailer Park Boys,9.1,9,1,7.8,Why in the Fuck Is My Trailer Pink?,http://www.imdb.com/title/tt3579928/,107
Trailer Park Boys,9.2,9,2,7.9,A Stable Fucking Environment,http://www.imdb.com/title/tt3742400/,96
Trailer Park Boys,9.3,9,3,8,Anointed in Liquor,http://www.imdb.com/title/tt3791520/,86
Trailer Park Boys,9.4,9,4,7.9,George Green: Industrial Cock Inhaler,http://www.imdb.com/title/tt3788104/,79
Trailer Park Boys,9.5,9,5,7.9,The Motel Can't Live at the Motel,http://www.imdb.com/title/tt3757674/,83
Trailer Park Boys,9.6,9,6,7.9,Sweet Liquory Load,http://www.imdb.com/title/tt3757676/,85
Trailer Park Boys,9.7,9,7,8.2,Piss,http://www.imdb.com/title/tt3757682/,91
Trailer Park Boys,9.8,9,8,7.9,A Dancer for Money,http://www.imdb.com/title/tt3757688/,78
Trailer Park Boys,9.9,9,9,8,Sam-Squamptches and Heli-Cocksuckers,http://www.imdb.com/title/tt3757716/,87
Trailer Park Boys,9.10,9,10,8.2,The Liquor Snurf,http://www.imdb.com/title/tt3757718/,88
Trailer Park Boys,10.1,10,1,7.7,Freedom 45?,http://www.imdb.com/title/tt4421186/,82
Trailer Park Boys,10.2,10,2,7.8,"You Want the Lot Fees, Suck Them Out of the Tip of My Cock",http://www.imdb.com/title/tt4725346/,65
Trailer Park Boys,10.3,10,3,7.7,A Three Tiered Shit Dyke,http://www.imdb.com/title/tt4761000/,60
Trailer Park Boys,10.4,10,4,7.8,Shit Covered Cave Teeth,http://www.imdb.com/title/tt4761006/,62
Trailer Park Boys,10.5,10,5,8.1,"If You Don't Believe It, It's Not Real",http://www.imdb.com/title/tt4761004/,63
Trailer Park Boys,10.6,10,6,7.1,All the Fuckin Dope You Can Smoke,http://www.imdb.com/title/tt4725376/,57
Trailer Park Boys,10.7,10,7,7.3,Up in Smoke We Go,http://www.imdb.com/title/tt4725362/,76
Trailer Park Boys,10.8,10,8,6.8,The Super Bling Cowboy,http://www.imdb.com/title/tt4725354/,62
Trailer Park Boys,10.9,10,9,7.4,Thugged Out Gangsta Shit,http://www.imdb.com/title/tt4725370/,56
Trailer Park Boys,10.10,10,10,8.2,Looks Like the Liquor Wins,http://www.imdb.com/title/tt4725418/,73
Unbreakable Kimmy Schmidt,1.1,1,1,7.6,Kimmy Goes Outside!,http://www.imdb.com/title/tt3651920/,1009
Unbreakable Kimmy Schmidt,1.2,1,2,7.6,Kimmy Gets a Job!,http://www.imdb.com/title/tt4073070/,831
Unbreakable Kimmy Schmidt,1.3,1,3,8,Kimmy Goes on a Date!,http://www.imdb.com/title/tt4073074/,775
Unbreakable Kimmy Schmidt,1.4,1,4,7.8,Kimmy Goes to the Doctor!,http://www.imdb.com/title/tt4003750/,765
Unbreakable Kimmy Schmidt,1.5,1,5,8.1,Kimmy Kisses a Boy!,http://www.imdb.com/title/tt4045202/,718
Unbreakable Kimmy Schmidt,1.6,1,6,8,Kimmy Goes to School!,http://www.imdb.com/title/tt4045602/,702
Unbreakable Kimmy Schmidt,1.7,1,7,8.4,Kimmy Goes to a Party!,http://www.imdb.com/title/tt4244338/,733
Unbreakable Kimmy Schmidt,1.8,1,8,8,Kimmy Is Bad at Math!,http://www.imdb.com/title/tt4095962/,658
Unbreakable Kimmy Schmidt,1.9,1,9,8,Kimmy Has a Birthday!,http://www.imdb.com/title/tt4227928/,681
Unbreakable Kimmy Schmidt,1.10,1,10,8.4,Kimmy's in a Love Triangle!,http://www.imdb.com/title/tt4151942/,688
Unbreakable Kimmy Schmidt,1.11,1,11,8,Kimmy Rides a Bike!,http://www.imdb.com/title/tt4163494/,637
Unbreakable Kimmy Schmidt,1.12,1,12,7.9,Kimmy Goes to Court!,http://www.imdb.com/title/tt4249120/,622
Unbreakable Kimmy Schmidt,1.13,1,13,8.1,Kimmy Makes Waffles!,http://www.imdb.com/title/tt4249128/,617
Unbreakable Kimmy Schmidt,2.1,2,1,7.5,Kimmy Goes Roller Skating!,http://www.imdb.com/title/tt4385544/,486
Unbreakable Kimmy Schmidt,2.2,2,2,7.9,Kimmy Goes on a Playdate!,http://www.imdb.com/title/tt4392258/,421
Unbreakable Kimmy Schmidt,2.3,2,3,7.8,Kimmy Goes to a Play!,http://www.imdb.com/title/tt4498790/,423
Unbreakable Kimmy Schmidt,2.4,2,4,8,Kimmy Kidnaps Gretchen!,http://www.imdb.com/title/tt4498792/,407
Unbreakable Kimmy Schmidt,2.5,2,5,7.8,Kimmy Gives Up!,http://www.imdb.com/title/tt4498794/,387
Unbreakable Kimmy Schmidt,2.6,2,6,8,Kimmy Drives a Car!,http://www.imdb.com/title/tt4498796/,367
Unbreakable Kimmy Schmidt,2.7,2,7,8.2,Kimmy Walks Into a Bar!,http://www.imdb.com/title/tt4503570/,358
Unbreakable Kimmy Schmidt,2.8,2,8,7.9,Kimmy Goes to a Hotel!,http://www.imdb.com/title/tt4503582/,339
Unbreakable Kimmy Schmidt,2.9,2,9,8.7,Kimmy Meets a Drunk Lady!,http://www.imdb.com/title/tt4503596/,437
Unbreakable Kimmy Schmidt,2.10,2,10,8.2,Kimmy Goes to Her Happy Place!,http://www.imdb.com/title/tt4503604/,353
Unbreakable Kimmy Schmidt,2.11,2,11,8,Kimmy Meets a Celebrity!,http://www.imdb.com/title/tt4503608/,330
Unbreakable Kimmy Schmidt,2.12,2,12,8,Kimmy Sees a Sunset!,http://www.imdb.com/title/tt4503610/,311
Unbreakable Kimmy Schmidt,2.13,2,13,8.5,Kimmy Finds Her Mom!,http://www.imdb.com/title/tt4385548/,358
